-- 초기 데이터: 과목(7), 단원(44), 태그. 기존 과목/단원은 삭제 후 아래 구조로 대체됩니다.
DELETE FROM unit;
DELETE FROM subject;

INSERT INTO subject (id, name, created_at, updated_at) VALUES
(1, '전자계산기 구조론 (Computer Architecture)', CURRENT_TIMESTAMP, CURRENT_TIMESTAMP),
(2, '운영체제론 (Operating Systems)', CURRENT_TIMESTAMP, CURRENT_TIMESTAMP),
(3, '데이터 통신론 (Data Communication)', CURRENT_TIMESTAMP, CURRENT_TIMESTAMP),
(4, '자료구조론 (Data Structures)', CURRENT_TIMESTAMP, CURRENT_TIMESTAMP),
(5, '데이터베이스론 (Database)', CURRENT_TIMESTAMP, CURRENT_TIMESTAMP),
(6, '소프트웨어 공학론 (Software Engineering)', CURRENT_TIMESTAMP, CURRENT_TIMESTAMP),
(7, '프로그래밍 언어론 (Programming Languages)', CURRENT_TIMESTAMP, CURRENT_TIMESTAMP);

INSERT INTO unit (id, subject_id, name, unit_order, created_at, updated_at) VALUES
(1, 1, 'Chapter 01 컴퓨터 시스템의 개요 (하드웨어/소프트웨어, 시스템 발전과정)', 1, CURRENT_TIMESTAMP, CURRENT_TIMESTAMP),
(2, 1, 'Chapter 02 정보의 표현과 논리 회로 (진법, 보수, 코드, 디지털 논리, 부울대수)', 2, CURRENT_TIMESTAMP, CURRENT_TIMESTAMP),
(3, 1, 'Chapter 03 논리 회로의 간소화 및 설계 (카르노맵, 조합/순서 논리회로)', 3, CURRENT_TIMESTAMP, CURRENT_TIMESTAMP),
(4, 1, 'Chapter 04 중앙처리장치(CPU) (레지스터, 메이저 스테이트, 제어장치)', 4, CURRENT_TIMESTAMP, CURRENT_TIMESTAMP),
(5, 1, 'Chapter 05 명령 실행과 제어 (마이크로 오퍼레이션, 주소지정방식)', 5, CURRENT_TIMESTAMP, CURRENT_TIMESTAMP),
(6, 1, 'Chapter 06 기억장치 (기억장치 계층구조, 주기억장치, 캐시 메모리, 가상 메모리, 연관기억장치)', 6, CURRENT_TIMESTAMP, CURRENT_TIMESTAMP),
(7, 1, 'Chapter 07 입출력 시스템 (I/O 제어 방식, 인터럽트, 채널, DMA)', 7, CURRENT_TIMESTAMP, CURRENT_TIMESTAMP),
(8, 1, 'Chapter 08 고성능 컴퓨터 구조 (병렬 처리, 파이프라인, RAID, 암달의 법칙)', 8, CURRENT_TIMESTAMP, CURRENT_TIMESTAMP),
(9, 2, 'Chapter 01 운영체제 개요 (목적, 발달과정, 유형)', 1, CURRENT_TIMESTAMP, CURRENT_TIMESTAMP),
(10, 2, 'Chapter 02 프로세스 관리 (프로세스와 스레드, PCB, 문맥교환)', 2, CURRENT_TIMESTAMP, CURRENT_TIMESTAMP),
(11, 2, 'Chapter 03 CPU 스케줄링 (비선점/선점 스케줄링 알고리즘)', 3, CURRENT_TIMESTAMP, CURRENT_TIMESTAMP),
(12, 2, 'Chapter 04 병행 프로세스와 동기화 (임계구역, 상호배제, 세마포어, 모니터)', 4, CURRENT_TIMESTAMP, CURRENT_TIMESTAMP),
(13, 2, 'Chapter 05 교착상태 (Deadlock) (발생조건, 예방, 회피, 발견, 회복)', 5, CURRENT_TIMESTAMP, CURRENT_TIMESTAMP),
(14, 2, 'Chapter 06 주기억장치 관리 (반입/배치/교체 전략, 단편화)', 6, CURRENT_TIMESTAMP, CURRENT_TIMESTAMP),
(15, 2, 'Chapter 07 가상기억장치 관리 (페이징, 세그먼테이션, 페이지 교체 알고리즘)', 7, CURRENT_TIMESTAMP, CURRENT_TIMESTAMP),
(16, 2, 'Chapter 08 파일 시스템 및 디스크 관리 (디스크 스케줄링, 파일 할당, 디렉터리 구조)', 8, CURRENT_TIMESTAMP, CURRENT_TIMESTAMP),
(17, 2, 'Chapter 09 분산 운영체제 및 보안 (유닉스/리눅스 특징, 보안 등급)', 9, CURRENT_TIMESTAMP, CURRENT_TIMESTAMP),
(18, 3, 'Chapter 01 데이터 통신의 개요 (신호 변환, 전송 방식, 전송 매체)', 1, CURRENT_TIMESTAMP, CURRENT_TIMESTAMP),
(19, 3, 'Chapter 02 데이터 전송 기술 (다중화, 교환 기술, 에러 제어, 흐름 제어)', 2, CURRENT_TIMESTAMP, CURRENT_TIMESTAMP),
(20, 3, 'Chapter 03 통신 프로토콜과 OSI 7계층 (계층별 특징, 표준안)', 3, CURRENT_TIMESTAMP, CURRENT_TIMESTAMP),
(21, 3, 'Chapter 04 인터넷과 TCP/IP (IP 주소, 서브넷팅, TCP/UDP, IPv6)', 4, CURRENT_TIMESTAMP, CURRENT_TIMESTAMP),
(22, 3, 'Chapter 05 네트워크 보안 및 신기술 (암호화, 보안 프로토콜, 최신 용어)', 5, CURRENT_TIMESTAMP, CURRENT_TIMESTAMP),
(23, 4, 'Chapter 01 자료구조의 개요 (알고리즘 복잡도, 순서도)', 1, CURRENT_TIMESTAMP, CURRENT_TIMESTAMP),
(24, 4, 'Chapter 02 선형 구조 (배열, 연결 리스트, 스택, 큐, 데크)', 2, CURRENT_TIMESTAMP, CURRENT_TIMESTAMP),
(25, 4, 'Chapter 03 비선형 구조 1 (트리, 이진트리 순회, 힙, 이진탐색트리)', 3, CURRENT_TIMESTAMP, CURRENT_TIMESTAMP),
(26, 4, 'Chapter 04 비선형 구조 2 (그래프, 탐색, 최소비용 신장트리)', 4, CURRENT_TIMESTAMP, CURRENT_TIMESTAMP),
(27, 4, 'Chapter 05 정렬(Sorting) (선택, 버블, 삽입, 쉘, 퀵, 힙, 병합 정렬 등)', 5, CURRENT_TIMESTAMP, CURRENT_TIMESTAMP),
(28, 4, 'Chapter 06 검색(Searching) (선형/이진 검색, 해싱)', 6, CURRENT_TIMESTAMP, CURRENT_TIMESTAMP),
(29, 5, 'Chapter 01 데이터베이스 개요 (DBMS, 스키마, 데이터 독립성)', 1, CURRENT_TIMESTAMP, CURRENT_TIMESTAMP),
(30, 5, 'Chapter 02 데이터 모델링 (E-R 다이어그램, 관계형 데이터 모델)', 2, CURRENT_TIMESTAMP, CURRENT_TIMESTAMP),
(31, 5, 'Chapter 03 관계 데이터 연산 (관계 대수, 관계 해석)', 3, CURRENT_TIMESTAMP, CURRENT_TIMESTAMP),
(32, 5, 'Chapter 04 SQL (DDL, DML, DCL, 뷰, 시스템 카탈로그)', 4, CURRENT_TIMESTAMP, CURRENT_TIMESTAMP),
(33, 5, 'Chapter 05 정규화 (이상현상, 함수 종속, 정규형 단계)', 5, CURRENT_TIMESTAMP, CURRENT_TIMESTAMP),
(34, 5, 'Chapter 06 데이터베이스 실무 (트랜잭션, 회복, 병행 제어, 인덱스)', 6, CURRENT_TIMESTAMP, CURRENT_TIMESTAMP),
(35, 6, 'Chapter 01 소프트웨어 공학 개요 (위기, 생명주기 모형)', 1, CURRENT_TIMESTAMP, CURRENT_TIMESTAMP),
(36, 6, 'Chapter 02 프로젝트 관리 (비용 산정, 일정 계획, 위험 관리 - COCOMO, CPM/PERT)', 2, CURRENT_TIMESTAMP, CURRENT_TIMESTAMP),
(37, 6, 'Chapter 03 요구사항 분석 및 설계 (구조적 분석, 결합도, 응집도)', 3, CURRENT_TIMESTAMP, CURRENT_TIMESTAMP),
(38, 6, 'Chapter 04 객체지향 방법론 (UML, 디자인 패턴, 객체지향 특징)', 4, CURRENT_TIMESTAMP, CURRENT_TIMESTAMP),
(39, 6, 'Chapter 05 소프트웨어 시험 및 유지보수 (화이트박스/블랙박스 테스트, 유지보수 유형)', 5, CURRENT_TIMESTAMP, CURRENT_TIMESTAMP),
(40, 7, 'Chapter 01 프로그래밍 언어 개요 (번역 과정, 컴파일러/인터프리터)', 1, CURRENT_TIMESTAMP, CURRENT_TIMESTAMP),
(41, 7, 'Chapter 02 변수와 바인딩 (영역, 수명, 매개변수 전달 기법)', 2, CURRENT_TIMESTAMP, CURRENT_TIMESTAMP),
(42, 7, 'Chapter 03 C언어 (포인터, 배열, 구조체 문법 핵심)', 3, CURRENT_TIMESTAMP, CURRENT_TIMESTAMP),
(43, 7, 'Chapter 04 JAVA (클래스, 상속, 오버로딩/오버라이딩)', 4, CURRENT_TIMESTAMP, CURRENT_TIMESTAMP),
(44, 7, 'Chapter 05 웹 프로그래밍 및 기타 언어 (HTML, XML, 스크립트 언어)', 5, CURRENT_TIMESTAMP, CURRENT_TIMESTAMP);

INSERT IGNORE INTO tag (id, name, color, created_at, updated_at) VALUES (1, '기본', NULL, CURRENT_TIMESTAMP, CURRENT_TIMESTAMP);

-- 샘플 문제용 사용자 (없으면 생성)
INSERT IGNORE INTO user (id, email, name, role, created_at, updated_at) VALUES (1, 'sample@odaabnote.com', '샘플', 'USER', CURRENT_TIMESTAMP, CURRENT_TIMESTAMP);

-- 단원별 샘플 문제 5개씩 (44단원 × 5 = 220). choices JSON 형식.
-- unit 1~8: subject 1, 9~17: subject 2, 18~22: subject 3, 23~28: subject 4, 29~34: subject 5, 35~39: subject 6, 40~44: subject 7
INSERT INTO problem (owner_user_id, subject_id, unit_id, question_text, choices, correct_choice_key, created_at, updated_at) VALUES
(1, 1, 1, '컴퓨터 시스템의 하드웨어와 소프트웨어에 대한 설명으로 옳은 것은?', '[{"key":"①","text":"하드웨어는 CPU, 메모리, 입출력장치로 구성된다"},{"key":"②","text":"소프트웨어만으로 컴퓨터를 구동할 수 있다"},{"key":"③","text":"펌웨어는 소프트웨어가 아니다"},{"key":"④","text":"시스템 소프트웨어에는 스프레드시트가 포함된다"}]', '①', CURRENT_TIMESTAMP, CURRENT_TIMESTAMP),
(1, 1, 1, '시스템 소프트웨어에 해당하는 것은?', '[{"key":"①","text":"워드프로세서"},{"key":"②","text":"운영체제"},{"key":"③","text":"게임"},{"key":"④","text":"웹 브라우저"}]', '②', CURRENT_TIMESTAMP, CURRENT_TIMESTAMP),
(1, 1, 1, '컴퓨터 발전 과정에서 3세대 컴퓨터의 특징은?', '[{"key":"①","text":"진공관 사용"},{"key":"②","text":"트랜지스터 사용"},{"key":"③","text":"집적회로(IC) 사용"},{"key":"④","text":"초대규모 집적회로 사용"}]', '③', CURRENT_TIMESTAMP, CURRENT_TIMESTAMP),
(1, 1, 1, '하드웨어 구성 요소가 아닌 것은?', '[{"key":"①","text":"중앙처리장치"},{"key":"②","text":"기억장치"},{"key":"③","text":"컴파일러"},{"key":"④","text":"입출력장치"}]', '③', CURRENT_TIMESTAMP, CURRENT_TIMESTAMP),
(1, 1, 1, '소프트웨어의 분류로 적절하지 않은 것은?', '[{"key":"①","text":"시스템 소프트웨어"},{"key":"②","text":"응용 소프트웨어"},{"key":"③","text":"유틸리티 소프트웨어"},{"key":"④","text":"하드웨어 소프트웨어"}]', '④', CURRENT_TIMESTAMP, CURRENT_TIMESTAMP),
(1, 1, 2, '2진수 1010을 10진수로 변환하면?', '[{"key":"①","text":"8"},{"key":"②","text":"9"},{"key":"③","text":"10"},{"key":"④","text":"11"}]', '③', CURRENT_TIMESTAMP, CURRENT_TIMESTAMP),
(1, 1, 2, '부울 대수에서 A + 1의 결과는?', '[{"key":"①","text":"0"},{"key":"②","text":"1"},{"key":"③","text":"A"},{"key":"④","text":"A''"}]', '②', CURRENT_TIMESTAMP, CURRENT_TIMESTAMP),
(1, 1, 2, '보수 표현에서 2의 보수에 대한 설명으로 옳은 것은?', '[{"key":"①","text":"양수와 음수를 같은 방식으로 표현한다"},{"key":"②","text":"1의 보수에 1을 더한 것이다"},{"key":"③","text":"부호화 절대값과 같다"},{"key":"④","text":"가장 작은 비트만 부호 비트로 쓴다"}]', '②', CURRENT_TIMESTAMP, CURRENT_TIMESTAMP),
(1, 1, 2, 'BCD 코드에 대한 설명으로 옳은 것은?', '[{"key":"①","text":"4비트로 16가지 상태를 표현한다"},{"key":"②","text":"10진수 한 자리를 4비트 2진수로 표현한다"},{"key":"③","text":"ASCII 코드와 동일하다"},{"key":"④","text":"한 바이트에 3자리 10진수를 넣는다"}]', '②', CURRENT_TIMESTAMP, CURRENT_TIMESTAMP),
(1, 1, 2, 'AND 게이트의 출력이 1이 되기 위한 입력 조건은?', '[{"key":"①","text":"입력 중 하나만 1"},{"key":"②","text":"모든 입력이 1"},{"key":"③","text":"모든 입력이 0"},{"key":"④","text":"입력의 개수가 짝수"}]', '②', CURRENT_TIMESTAMP, CURRENT_TIMESTAMP),
(1, 1, 3, '카르노맵의 활용 목적으로 가장 적절한 것은?', '[{"key":"①","text":"논리 회로의 시뮬레이션"},{"key":"②","text":"논리식의 간소화"},{"key":"③","text":"진리표 작성"},{"key":"④","text":"카운터 설계"}]', '②', CURRENT_TIMESTAMP, CURRENT_TIMESTAMP),
(1, 1, 3, '조합 논리 회로에 해당하는 것은?', '[{"key":"①","text":"플립플롭"},{"key":"②","text":"멀티플렉서"},{"key":"③","text":"카운터"},{"key":"④","text":"레지스터"}]', '②', CURRENT_TIMESTAMP, CURRENT_TIMESTAMP),
(1, 1, 3, '순서 논리 회로의 특징은?', '[{"key":"①","text":"입력만으로 출력이 결정된다"},{"key":"②","text":"과거 상태를 기억한다"},{"key":"③","text":"비동기적으로 동작한다"},{"key":"④","text":"조합 회로와 동일하다"}]', '②', CURRENT_TIMESTAMP, CURRENT_TIMESTAMP),
(1, 1, 3, '반가산기의 입력이 A=1, B=1일 때 합(S)과 자리올림(C)은?', '[{"key":"①","text":"S=0, C=0"},{"key":"②","text":"S=0, C=1"},{"key":"③","text":"S=1, C=0"},{"key":"④","text":"S=1, C=1"}]', '②', CURRENT_TIMESTAMP, CURRENT_TIMESTAMP),
(1, 1, 3, '디코더의 기능은?', '[{"key":"①","text":"여러 입력 중 하나를 선택"},{"key":"②","text":"n비트 입력을 2^n개 출력으로 변환"},{"key":"③","text":"두 수를 더함"},{"key":"④","text":"데이터를 저장"}]', '②', CURRENT_TIMESTAMP, CURRENT_TIMESTAMP),
(1, 1, 4, 'CPU의 주요 구성 요소가 아닌 것은?', '[{"key":"①","text":"산술논리연산장치(ALU)"},{"key":"②","text":"제어장치"},{"key":"③","text":"레지스터"},{"key":"④","text":"캐시 디렉터리"}]', '④', CURRENT_TIMESTAMP, CURRENT_TIMESTAMP),
(1, 1, 4, '누산기(Accumulator)의 역할은?', '[{"key":"①","text":"명령어를 해석한다"},{"key":"②","text":"연산 결과를 일시 저장한다"},{"key":"③","text":"다음 명령 주소를 저장한다"},{"key":"④","text":"입출력을 제어한다"}]', '②', CURRENT_TIMESTAMP, CURRENT_TIMESTAMP),
(1, 1, 4, '메이저 스테이트에 포함되지 않는 것은?', '[{"key":"①","text":"인출(Fetch)"},{"key":"②","text":"간접(Indirect)"},{"key":"③","text":"실행(Execute)"},{"key":"④","text":"저장(Store)"}]', '④', CURRENT_TIMESTAMP, CURRENT_TIMESTAMP),
(1, 1, 4, '제어장치의 기능은?', '[{"key":"①","text":"산술 연산 수행"},{"key":"②","text":"명령어 해석 및 제어 신호 발생"},{"key":"③","text":"데이터 저장"},{"key":"④","text":"주소 계산"}]', '②', CURRENT_TIMESTAMP, CURRENT_TIMESTAMP),
(1, 1, 4, '프로그램 카운터(PC)가 저장하는 것은?', '[{"key":"①","text":"현재 실행 중인 명령어"},{"key":"②","text":"다음에 인출할 명령어의 주소"},{"key":"③","text":"연산 결과"},{"key":"④","text":"오퍼랜드"}]', '②', CURRENT_TIMESTAMP, CURRENT_TIMESTAMP),
(1, 1, 5, '마이크로 오퍼레이션에 대한 설명으로 옳은 것은?', '[{"key":"①","text":"여러 명령어를 동시에 실행한다"},{"key":"②","text":"CPU 내부의 기본 동작 단위이다"},{"key":"③","text":"메모리 접근만을 의미한다"},{"key":"④","text":"입출력 전용 연산이다"}]', '②', CURRENT_TIMESTAMP, CURRENT_TIMESTAMP),
(1, 1, 5, '즉시 주소 지정 방식의 특징은?', '[{"key":"①","text":"오퍼랜드가 유효주소이다"},{"key":"②","text":"오퍼랜드가 주소를 가리킨다"},{"key":"③","text":"오퍼랜드가 레지스터 번호이다"},{"key":"④","text":"오퍼랜드가 상대주소이다"}]', '①', CURRENT_TIMESTAMP, CURRENT_TIMESTAMP),
(1, 1, 5, '직접 주소 지정에서 오퍼랜드는?', '[{"key":"①","text":"실제 데이터"},{"key":"②","text":"유효 주소"},{"key":"③","text":"레지스터 번호"},{"key":"④","text":"명령어 개수"}]', '②', CURRENT_TIMESTAMP, CURRENT_TIMESTAMP),
(1, 1, 5, '간접 주소 지정의 장점은?', '[{"key":"①","text":"주소 공간 확장"},{"key":"②","text":"실행 속도 향상"},{"key":"③","text":"명령어 길이 감소"},{"key":"④","text":"캐시 적중률 향상"}]', '①', CURRENT_TIMESTAMP, CURRENT_TIMESTAMP),
(1, 1, 5, '인덱스 레지스터를 사용하는 주소 지정 방식은?', '[{"key":"①","text":"즉시"},{"key":"②","text":"직접"},{"key":"③","text":"인덱스"},{"key":"④","text":"묵시적"}]', '③', CURRENT_TIMESTAMP, CURRENT_TIMESTAMP),
(1, 1, 6, '기억장치 계층 구조에서 캐시 메모리의 위치는?', '[{"key":"①","text":"보조기억장치와 주기억장치 사이"},{"key":"②","text":"CPU와 주기억장치 사이"},{"key":"③","text":"입출력장치와 CPU 사이"},{"key":"④","text":"레지스터와 ALU 사이"}]', '②', CURRENT_TIMESTAMP, CURRENT_TIMESTAMP),
(1, 1, 6, '가상 메모리의 목적은?', '[{"key":"①","text":"캐시 용량 확대"},{"key":"②","text":"물리 메모리보다 큰 주소 공간 제공"},{"key":"③","text":"디스크 속도 향상"},{"key":"④","text":"CPU 속도 향상"}]', '②', CURRENT_TIMESTAMP, CURRENT_TIMESTAMP),
(1, 1, 6, '캐시 메모리에서 쓰기 정책이 아닌 것은?', '[{"key":"①","text":"Write Through"},{"key":"②","text":"Write Back"},{"key":"③","text":"Write Allocate"},{"key":"④","text":"Write Random"}]', '④', CURRENT_TIMESTAMP, CURRENT_TIMESTAMP),
(1, 1, 6, '연관 기억장치(Associative Memory)의 특징은?', '[{"key":"①","text":"순차 검색"},{"key":"②","text":"내용으로 주소 검색"},{"key":"③","text":"고정 주소만 접근"},{"key":"④","text":"블록 단위만 접근"}]', '②', CURRENT_TIMESTAMP, CURRENT_TIMESTAMP),
(1, 1, 6, '페이지 교체 알고리즘이 아닌 것은?', '[{"key":"①","text":"FIFO"},{"key":"②","text":"LRU"},{"key":"③","text":"LFU"},{"key":"④","text":"FCFS"}]', '④', CURRENT_TIMESTAMP, CURRENT_TIMESTAMP),
(1, 1, 7, 'DMA(Direct Memory Access)의 특징은?', '[{"key":"①","text":"CPU가 모든 데이터 전송을 제어한다"},{"key":"②","text":"CPU 개입 없이 메모리와 입출력 간 전송"},{"key":"③","text":"채널보다 느리다"},{"key":"④","text":"인터럽트를 사용하지 않는다"}]', '②', CURRENT_TIMESTAMP, CURRENT_TIMESTAMP),
(1, 1, 7, '폴링(Polling) 방식의 단점은?', '[{"key":"①","text":"하드웨어가 복잡하다"},{"key":"②","text":"CPU가 대기 시간에 낭비된다"},{"key":"③","text":"속도가 느리다"},{"key":"④","text":"동기화가 어렵다"}]', '②', CURRENT_TIMESTAMP, CURRENT_TIMESTAMP),
(1, 1, 7, '인터럽트 벡터의 역할은?', '[{"key":"①","text":"인터럽트 서비스 루틴의 주소 제공"},{"key":"②","text":"우선순위 결정"},{"key":"③","text":"데이터 버퍼"},{"key":"④","text":"채널 제어"}]', '①', CURRENT_TIMESTAMP, CURRENT_TIMESTAMP),
(1, 1, 7, '채널(Channel)에 대한 설명으로 옳은 것은?', '[{"key":"①","text":"입출력 전용 독립 프로세서"},{"key":"②","text":"CPU의 일부"},{"key":"③","text":"메모리 관리 장치"},{"key":"④","text":"캐시 컨트롤러"}]', '①', CURRENT_TIMESTAMP, CURRENT_TIMESTAMP),
(1, 1, 7, '입출력 제어 방식 중 CPU 활용률이 가장 높은 것은?', '[{"key":"①","text":"프로그램 방식"},{"key":"②","text":"인터럽트 방식"},{"key":"③","text":"DMA 방식"},{"key":"④","text":"채널 방식"}]', '④', CURRENT_TIMESTAMP, CURRENT_TIMESTAMP),
(1, 1, 8, '암달의 법칙에서 병렬화로 얻을 수 있는 최대 속도향상은?', '[{"key":"①","text":"프로세서 수에 비례"},{"key":"②","text":"순차 부분 비율에 의해 제한"},{"key":"③","text":"무한대"},{"key":"④","text":"캐시 크기에 비례"}]', '②', CURRENT_TIMESTAMP, CURRENT_TIMESTAMP),
(1, 1, 8, '파이프라인에서 해저드가 아닌 것은?', '[{"key":"①","text":"구조적 해저드"},{"key":"②","text":"데이터 해저드"},{"key":"③","text":"제어 해저드"},{"key":"④","text":"캐시 해저드"}]', '④', CURRENT_TIMESTAMP, CURRENT_TIMESTAMP),
(1, 1, 8, 'RAID 1의 특징은?', '[{"key":"①","text":"스트라이핑"},{"key":"②","text":"미러링"},{"key":"③","text":"패리티"},{"key":"④","text":"스트라이핑+패리티"}]', '②', CURRENT_TIMESTAMP, CURRENT_TIMESTAMP),
(1, 1, 8, '병렬 처리의 형태가 아닌 것은?', '[{"key":"①","text":"SISD"},{"key":"②","text":"SIMD"},{"key":"③","text":"MIMD"},{"key":"④","text":"SIDM"}]', '④', CURRENT_TIMESTAMP, CURRENT_TIMESTAMP),
(1, 1, 8, '슈퍼스칼라 방식의 특징은?', '[{"key":"①","text":"단일 파이프라인"},{"key":"②","text":"한 사이클에 여러 명령 실행"},{"key":"③","text":"단일 캐시"},{"key":"④","text":"단일 ALU"}]', '②', CURRENT_TIMESTAMP, CURRENT_TIMESTAMP),
(1, 2, 9, '운영체제의 목적이 아닌 것은?', '[{"key":"①","text":"처리 능력 향상"},{"key":"②","text":"반환 시간 단축"},{"key":"③","text":"사용 편의성"},{"key":"④","text":"하드웨어 가격 인상"}]', '④', CURRENT_TIMESTAMP, CURRENT_TIMESTAMP),
(1, 2, 9, '배치 처리 시스템의 특징은?', '[{"key":"①","text":"대화형 처리"},{"key":"②","text":"작업을 모아서 일괄 처리"},{"key":"③","text":"실시간 처리"},{"key":"④","text":"분산 처리"}]', '②', CURRENT_TIMESTAMP, CURRENT_TIMESTAMP),
(1, 2, 9, '다중 프로그래밍의 장점은?', '[{"key":"①","text":"CPU 활용률 향상"},{"key":"②","text":"메모리 절약"},{"key":"③","text":"단순한 스케줄링"},{"key":"④","text":"동기화 불필요"}]', '①', CURRENT_TIMESTAMP, CURRENT_TIMESTAMP),
(1, 2, 9, '시분할 시스템(Time Sharing)의 목적은?', '[{"key":"①","text":"배치 작업 처리"},{"key":"②","text":"여러 사용자에게 동시 서비스"},{"key":"③","text":"실시간 제어"},{"key":"④","text":"단일 사용자 전용"}]', '②', CURRENT_TIMESTAMP, CURRENT_TIMESTAMP),
(1, 2, 9, '운영체제의 유형이 아닌 것은?', '[{"key":"①","text":"일괄 처리"},{"key":"②","text":"시분할"},{"key":"③","text":"실시간"},{"key":"④","text":"하이브리드 배치"}]', '④', CURRENT_TIMESTAMP, CURRENT_TIMESTAMP),
(1, 2, 10, '프로세스와 스레드의 차이로 옳은 것은?', '[{"key":"①","text":"프로세스는 리소스 할당 단위, 스레드는 실행 단위"},{"key":"②","text":"스레드만 PCB를 가진다"},{"key":"③","text":"프로세스가 스레드보다 가볍다"},{"key":"④","text":"스레드는 독립된 주소 공간을 가진다"}]', '①', CURRENT_TIMESTAMP, CURRENT_TIMESTAMP),
(1, 2, 10, 'PCB(Process Control Block)에 포함되지 않는 것은?', '[{"key":"①","text":"프로세스 ID"},{"key":"②","text":"프로그램 카운터"},{"key":"③","text":"레지스터 상태"},{"key":"④","text":"소스 코드"}]', '④', CURRENT_TIMESTAMP, CURRENT_TIMESTAMP),
(1, 2, 10, '문맥 교환(Context Switch) 시 발생하는 작업이 아닌 것은?', '[{"key":"①","text":"현재 프로세스 상태 저장"},{"key":"②","text":"다음 프로세스 상태 복원"},{"key":"③","text":"캐시 플러시"},{"key":"④","text":"디스크 I/O"}]', '④', CURRENT_TIMESTAMP, CURRENT_TIMESTAMP),
(1, 2, 10, '프로세스 상태 전이 중 적절하지 않은 것은?', '[{"key":"①","text":"실행 -> 대기"},{"key":"②","text":"대기 -> 준비"},{"key":"③","text":"준비 -> 실행"},{"key":"④","text":"실행 -> 준비(불가)"}]', '④', CURRENT_TIMESTAMP, CURRENT_TIMESTAMP),
(1, 2, 10, '스레드의 장점이 아닌 것은?', '[{"key":"①","text":"생성 오버헤드가 작다"},{"key":"②","text":"문맥 교환 비용이 적다"},{"key":"③","text":"자원 공유가 쉽다"},{"key":"④","text":"독립된 메모리 공간"}]', '④', CURRENT_TIMESTAMP, CURRENT_TIMESTAMP),
(1, 2, 11, '비선점 스케줄링 알고리즘은?', '[{"key":"①","text":"RR"},{"key":"②","text":"SJF"},{"key":"③","text":"SRTN"},{"key":"④","text":"MLQ"}]', '②', CURRENT_TIMESTAMP, CURRENT_TIMESTAMP),
(1, 2, 11, 'FCFS 스케줄링의 단점은?', '[{"key":"①","text":"콘보이 효과"},{"key":"②","text":"기아 현상"},{"key":"③","text":"문맥 교환 많음"},{"key":"④","text":"복잡한 구현"}]', '①', CURRENT_TIMESTAMP, CURRENT_TIMESTAMP),
(1, 2, 11, 'Round Robin에서 타임 슬라이스가 매우 크면?', '[{"key":"①","text":"FCFS와 유사해진다"},{"key":"②","text":"SJF가 된다"},{"key":"③","text":"문맥 교환이 사라진다"},{"key":"④","text":"우선순위 스케줄링이 된다"}]', '①', CURRENT_TIMESTAMP, CURRENT_TIMESTAMP),
(1, 2, 11, 'SJF(Shortest Job First)의 단점은?', '[{"key":"①","text":"평균 대기 시간 증가"},{"key":"②","text":"긴 작업의 기아 현상"},{"key":"③","text":"CPU 활용률 저하"},{"key":"④","text":"구현이 복잡함"}]', '②', CURRENT_TIMESTAMP, CURRENT_TIMESTAMP),
(1, 2, 11, '다단계 피드백 큐(MLFQ)의 목적은?', '[{"key":"①","text":"FCFS 모방"},{"key":"②","text":"CPU 버스트 짧은 작업 우대 + 응답성"},{"key":"③","text":"고정 우선순위만"},{"key":"④","text":"실시간 보장"}]', '②', CURRENT_TIMESTAMP, CURRENT_TIMESTAMP),
(1, 2, 12, '임계 구역(Critical Section) 해결 조건이 아닌 것은?', '[{"key":"①","text":"상호 배제"},{"key":"②","text":"진행"},{"key":"③","text":"한계 대기"},{"key":"④","text":"동시 실행"}]', '④', CURRENT_TIMESTAMP, CURRENT_TIMESTAMP),
(1, 2, 12, '세마포어에서 P 연산의 다른 이름은?', '[{"key":"①","text":"signal"},{"key":"②","text":"wait"},{"key":"③","text":"lock"},{"key":"④","text":"notify"}]', '②', CURRENT_TIMESTAMP, CURRENT_TIMESTAMP),
(1, 2, 12, '모니터에 대한 설명으로 옳은 것은?', '[{"key":"①","text":"공유 자원과 연산을 묶은 추상 자료형"},{"key":"②","text":"하드웨어 장치"},{"key":"③","text":"스케줄링 알고리즘"},{"key":"④","text":"메모리 관리 기법"}]', '①', CURRENT_TIMESTAMP, CURRENT_TIMESTAMP),
(1, 2, 12, '뮤텍스와 세마포어(값 1)의 차이는?', '[{"key":"①","text":"뮤텍스는 소유자 개념이 있다"},{"key":"②","text":"세마포어만 상호 배제"},{"key":"③","text":"뮤텍스만 카운팅 가능"},{"key":"④","text":"동일하다"}]', '①', CURRENT_TIMESTAMP, CURRENT_TIMESTAMP),
(1, 2, 12, '데드락 발생 필요 조건이 아닌 것은?', '[{"key":"①","text":"상호 배제"},{"key":"②","text":"점유 대기"},{"key":"③","text":"선점"},{"key":"④","text":"순환 대기"}]', '③', CURRENT_TIMESTAMP, CURRENT_TIMESTAMP),
(1, 2, 13, '교착상태(Deadlock) 예방 방법이 아닌 것은?', '[{"key":"①","text":"상호 배제 제거"},{"key":"②","text":"점유 대기 제거"},{"key":"③","text":"선점 허용"},{"key":"④","text":"순환 대기 허용"}]', '④', CURRENT_TIMESTAMP, CURRENT_TIMESTAMP),
(1, 2, 13, '은행원 알고리즘은?', '[{"key":"①","text":"교착상태 예방"},{"key":"②","text":"교착상태 회피"},{"key":"③","text":"교착상태 발견"},{"key":"④","text":"교착상태 회복"}]', '②', CURRENT_TIMESTAMP, CURRENT_TIMESTAMP),
(1, 2, 13, '교착상태 회복 방법이 아닌 것은?', '[{"key":"①","text":"프로세스 종료"},{"key":"②","text":"자원 선점"},{"key":"③","text":"은행원 알고리즘"},{"key":"④","text":"롤백"}]', '③', CURRENT_TIMESTAMP, CURRENT_TIMESTAMP),
(1, 2, 13, 'Safe state의 의미는?', '[{"key":"①","text":"데드락이 발생한 상태"},{"key":"②","text":"순서대로 자원 할당 시 데드락 없이 완료 가능"},{"key":"③","text":"모든 자원이 비어 있음"},{"key":"④","text":"단일 프로세스만 존재"}]', '②', CURRENT_TIMESTAMP, CURRENT_TIMESTAMP),
(1, 2, 13, '데드락 발견 후 회복 시 고려할 것은?', '[{"key":"①","text":"희생 프로세스 선택"},{"key":"②","text":"타임 슬라이스 조정"},{"key":"③","text":"메모리 압축"},{"key":"④","text":"캐시 무효화"}]', '①', CURRENT_TIMESTAMP, CURRENT_TIMESTAMP),
(1, 2, 14, '반입(Fetch) 정책에 해당하지 않는 것은?', '[{"key":"①","text":"요구 반입"},{"key":"②","text":"예상 반입"},{"key":"③","text":"선반입"},{"key":"④","text":"지역 반입"}]', '④', CURRENT_TIMESTAMP, CURRENT_TIMESTAMP),
(1, 2, 14, '배치(Placement) 전략이 아닌 것은?', '[{"key":"①","text":"최초 적합"},{"key":"②","text":"최적 적합"},{"key":"③","text":"최악 적합"},{"key":"④","text":"고정 분할"}]', '④', CURRENT_TIMESTAMP, CURRENT_TIMESTAMP),
(1, 2, 14, '내부 단편화가 발생하는 경우는?', '[{"key":"①","text":"가변 분할"},{"key":"②","text":"고정 분할"},{"key":"③","text":"세그멘테이션"},{"key":"④","text":"요구 페이징"}]', '②', CURRENT_TIMESTAMP, CURRENT_TIMESTAMP),
(1, 2, 14, '외부 단편화 해결 방법은?', '[{"key":"①","text":"압축"},{"key":"②","text":"고정 분할"},{"key":"③","text":"단일 연속 할당"},{"key":"④","text":"스와핑 제거"}]', '①', CURRENT_TIMESTAMP, CURRENT_TIMESTAMP),
(1, 2, 14, '페이지 테이블의 역할은?', '[{"key":"①","text":"논리 주소를 물리 주소로 변환"},{"key":"②","text":"캐시 관리"},{"key":"③","text":"디스크 스케줄링"},{"key":"④","text":"인터럽트 벡터"}]', '①', CURRENT_TIMESTAMP, CURRENT_TIMESTAMP),
(1, 2, 15, 'FIFO 페이지 교체의 단점은?', '[{"key":"①","text":"Belady 이상"},{"key":"②","text":"기아 현상"},{"key":"③","text":"오버헤드 큼"},{"key":"④","text":"구현 불가"}]', '①', CURRENT_TIMESTAMP, CURRENT_TIMESTAMP),
(1, 2, 15, 'LRU(Least Recently Used)의 특징은?', '[{"key":"①","text":"가장 오래 사용되지 않은 페이지 교체"},{"key":"②","text":"가장 먼저 들어온 페이지 교체"},{"key":"③","text":"참조 횟수 최소 페이지 교체"},{"key":"④","text":"랜덤 교체"}]', '①', CURRENT_TIMESTAMP, CURRENT_TIMESTAMP),
(1, 2, 15, '요구 페이징에서 페이지 부재가 발생하면?', '[{"key":"①","text":"프로세스 종료"},{"key":"②","text":"페이지 폴트 처리"},{"key":"③","text":"스와핑"},{"key":"④","text":"캐시 플러시"}]', '②', CURRENT_TIMESTAMP, CURRENT_TIMESTAMP),
(1, 2, 15, '스레싱(Thrashing)의 원인은?', '[{"key":"①","text":"프로세스 수가 적음"},{"key":"②","text":"페이지 부재율이 매우 높음"},{"key":"③","text":"메모리 과다"},{"key":"④","text":"캐시 히트율 높음"}]', '②', CURRENT_TIMESTAMP, CURRENT_TIMESTAMP),
(1, 2, 15, '세그멘테이션과 페이징의 차이로 옳은 것은?', '[{"key":"①","text":"세그먼트는 가변 크기, 페이지는 고정 크기"},{"key":"②","text":"페이지만 논리 단위"},{"key":"③","text":"세그먼트만 물리 주소 사용"},{"key":"④","text":"동일하다"}]', '①', CURRENT_TIMESTAMP, CURRENT_TIMESTAMP),
(1, 2, 16, 'FCFS 디스크 스케줄링의 단점은?', '[{"key":"①","text":"응답 시간 변동"},{"key":"②","text":"효율성 낮음"},{"key":"③","text":"기아 가능"},{"key":"④","text":"모두 해당"}]', '④', CURRENT_TIMESTAMP, CURRENT_TIMESTAMP),
(1, 2, 16, 'SSTF(Shortest Seek Time First)의 문제는?', '[{"key":"①","text":"기아 현상"},{"key":"②","text":"헤드 이동 과다"},{"key":"③","text":"구현 불가"},{"key":"④","text":"FCFS와 동일"}]', '①', CURRENT_TIMESTAMP, CURRENT_TIMESTAMP),
(1, 2, 16, '파일 할당 방식이 아닌 것은?', '[{"key":"①","text":"연속 할당"},{"key":"②","text":"연결 할당"},{"key":"③","text":"인덱스 할당"},{"key":"④","text":"세그먼트 할당"}]', '④', CURRENT_TIMESTAMP, CURRENT_TIMESTAMP),
(1, 2, 16, '디렉터리 구조가 아닌 것은?', '[{"key":"①","text":"단일 디렉터리"},{"key":"②","text":"2단계 디렉터리"},{"key":"③","text":"트리 디렉터리"},{"key":"④","text":"그래프 디렉터리"}]', '④', CURRENT_TIMESTAMP, CURRENT_TIMESTAMP),
(1, 2, 16, 'inode에 저장되지 않는 것은?', '[{"key":"①","text":"파일 크기"},{"key":"②","text":"파일 소유자"},{"key":"③","text":"데이터 블록 주소"},{"key":"④","text":"파일 내용 전체"}]', '④', CURRENT_TIMESTAMP, CURRENT_TIMESTAMP),
(1, 2, 17, '유닉스/리눅스의 특징이 아닌 것은?', '[{"key":"①","text":"다중 사용자"},{"key":"②","text":"다중 작업"},{"key":"③","text":"이식성"},{"key":"④","text":"단일 용도 전용"}]', '④', CURRENT_TIMESTAMP, CURRENT_TIMESTAMP),
(1, 2, 17, '보안 등급 B2의 의미는?', '[{"key":"①","text":"임의 보안 보호"},{"key":"②","text":"구조화된 보호"},{"key":"③","text":"보안 도메인"},{"key":"④","text":"검증된 보호"}]', '②', CURRENT_TIMESTAMP, CURRENT_TIMESTAMP),
(1, 2, 17, '분산 운영체제의 목적이 아닌 것은?', '[{"key":"①","text":"자원 공유"},{"key":"②","text":"신뢰성"},{"key":"③","text":"단일 장애점 유지"},{"key":"④","text":"확장성"}]', '③', CURRENT_TIMESTAMP, CURRENT_TIMESTAMP),
(1, 2, 17, 'C2 등급의 요구 사항은?', '[{"key":"①","text":"접근 제어 없음"},{"key":"②","text":"임의적 접근 제어"},{"key":"③","text":"강제적 접근 제어"},{"key":"④","text":"암호화만"}]', '②', CURRENT_TIMESTAMP, CURRENT_TIMESTAMP),
(1, 2, 17, '리눅스에서 프로세스 간 통신에 사용되지 않는 것은?', '[{"key":"①","text":"파이프"},{"key":"②","text":"시그널"},{"key":"③","text":"소켓"},{"key":"④","text":"BIOS 호출"}]', '④', CURRENT_TIMESTAMP, CURRENT_TIMESTAMP),
(1, 3, 18, '아날로그 신호를 디지털로 변환하는 과정은?', '[{"key":"①","text":"샘플링-양자화-부호화"},{"key":"②","text":"부호화-양자화-샘플링"},{"key":"③","text":"양자화-부호화-샘플링"},{"key":"④","text":"복조만"}]', '①', CURRENT_TIMESTAMP, CURRENT_TIMESTAMP),
(1, 3, 18, '전송 방식 중 직렬 전송의 특징은?', '[{"key":"①","text":"한 번에 한 비트씩 전송"},{"key":"②","text":"여러 비트 동시 전송"},{"key":"③","text":"무선만 해당"},{"key":"④","text":"동기화 불필요"}]', '①', CURRENT_TIMESTAMP, CURRENT_TIMESTAMP),
(1, 3, 18, '전송 매체가 아닌 것은?', '[{"key":"①","text":"꼬임쌍선"},{"key":"②","text":"동축케이블"},{"key":"③","text":"광케이블"},{"key":"④","text":"라우터"}]', '④', CURRENT_TIMESTAMP, CURRENT_TIMESTAMP),
(1, 3, 18, '디지털 데이터를 아날로그로 변환하는 것은?', '[{"key":"①","text":"복조"},{"key":"②","text":"변조"},{"key":"③","text":"부호화"},{"key":"④","text":"디코딩"}]', '②', CURRENT_TIMESTAMP, CURRENT_TIMESTAMP),
(1, 3, 18, '전이중(Full Duplex) 통신은?', '[{"key":"①","text":"한 방향만"},{"key":"②","text":"양방향 동시"},{"key":"③","text":"양방향 교대"},{"key":"④","text":"무선만"}]', '②', CURRENT_TIMESTAMP, CURRENT_TIMESTAMP),
(1, 3, 19, '다중화(Multiplexing) 방식이 아닌 것은?', '[{"key":"①","text":"FDM"},{"key":"②","text":"TDM"},{"key":"③","text":"WDM"},{"key":"④","text":"CDM만 해당"}]', '④', CURRENT_TIMESTAMP, CURRENT_TIMESTAMP),
(1, 3, 19, '패킷 교환의 특징은?', '[{"key":"①","text":"고정 경로"},{"key":"②","text":"저장 후 전달"},{"key":"③","text":"회선 독점"},{"key":"④","text":"실시간만"}]', '②', CURRENT_TIMESTAMP, CURRENT_TIMESTAMP),
(1, 3, 19, '에러 제어 방식이 아닌 것은?', '[{"key":"①","text":"ARQ"},{"key":"②","text":"FEC"},{"key":"③","text":"CRC"},{"key":"④","text":"FDM"}]', '④', CURRENT_TIMESTAMP, CURRENT_TIMESTAMP),
(1, 3, 19, '흐름 제어(Flow Control)의 목적은?', '[{"key":"①","text":"수신자 과부하 방지"},{"key":"②","text":"전송 속도 향상"},{"key":"③","text":"암호화"},{"key":"④","text":"라우팅"}]', '①', CURRENT_TIMESTAMP, CURRENT_TIMESTAMP),
(1, 3, 19, 'TDM에서 시간 슬롯의 의미는?', '[{"key":"①","text":"각 채널에 할당된 시간 구간"},{"key":"②","text":"주파수 대역"},{"key":"③","text":"에러 비트"},{"key":"④","text":"패킷 크기"}]', '①', CURRENT_TIMESTAMP, CURRENT_TIMESTAMP),
(1, 3, 20, 'OSI 7계층에서 물리 계층의 역할은?', '[{"key":"①","text":"비트 전송"},{"key":"②","text":"라우팅"},{"key":"③","text":"세션 관리"},{"key":"④","text":"데이터 형식 변환"}]', '①', CURRENT_TIMESTAMP, CURRENT_TIMESTAMP),
(1, 3, 20, '전송 계층 프로토콜은?', '[{"key":"①","text":"IP"},{"key":"②","text":"TCP"},{"key":"③","text":"Ethernet"},{"key":"④","text":"HTTP"}]', '②', CURRENT_TIMESTAMP, CURRENT_TIMESTAMP),
(1, 3, 20, '네트워크 계층의 기능은?', '[{"key":"①","text":"라우팅"},{"key":"②","text":"프레임 전달"},{"key":"③","text":"응용 서비스"},{"key":"④","text":"인코딩"}]', '①', CURRENT_TIMESTAMP, CURRENT_TIMESTAMP),
(1, 3, 20, '데이터 링크 계층의 PDU는?', '[{"key":"①","text":"세그먼트"},{"key":"②","text":"패킷"},{"key":"③","text":"프레임"},{"key":"④","text":"비트"}]', '③', CURRENT_TIMESTAMP, CURRENT_TIMESTAMP),
(1, 3, 20, '세션 계층의 기능은?', '[{"key":"①","text":"동기화"},{"key":"②","text":"주소 변환"},{"key":"③","text":"물리 연결"},{"key":"④","text":"암호화"}]', '①', CURRENT_TIMESTAMP, CURRENT_TIMESTAMP),
(1, 3, 21, 'IPv4 주소 클래스 C의 네트워크 비트 수는?', '[{"key":"①","text":"8"},{"key":"②","text":"16"},{"key":"③","text":"24"},{"key":"④","text":"32"}]', '③', CURRENT_TIMESTAMP, CURRENT_TIMESTAMP),
(1, 3, 21, '서브넷 마스크의 역할은?', '[{"key":"①","text":"네트워크 ID와 호스트 ID 구분"},{"key":"②","text":"물리 주소 변환"},{"key":"③","text":"포트 식별"},{"key":"④","text":"암호화"}]', '①', CURRENT_TIMESTAMP, CURRENT_TIMESTAMP),
(1, 3, 21, 'TCP의 특징은?', '[{"key":"①","text":"비연결형"},{"key":"②","text":"신뢰성 있는 전달"},{"key":"③","text":"실시간 전용"},{"key":"④","text":"브로드캐스트"}]', '②', CURRENT_TIMESTAMP, CURRENT_TIMESTAMP),
(1, 3, 21, 'UDP에 대한 설명으로 옳은 것은?', '[{"key":"①","text":"연결 지향"},{"key":"②","text":"신뢰성 없음, 빠름"},{"key":"③","text":"흐름 제어"},{"key":"④","text":"순서 보장"}]', '②', CURRENT_TIMESTAMP, CURRENT_TIMESTAMP),
(1, 3, 21, 'IPv6의 주소 길이는?', '[{"key":"①","text":"32비트"},{"key":"②","text":"64비트"},{"key":"③","text":"128비트"},{"key":"④","text":"256비트"}]', '③', CURRENT_TIMESTAMP, CURRENT_TIMESTAMP),
(1, 3, 22, '대칭키 암호화의 특징은?', '[{"key":"①","text":"암호화/복호화에 같은 키"},{"key":"②","text":"공개키만 사용"},{"key":"③","text":"키 배포 불필요"},{"key":"④","text":"비대칭과 동일"}]', '①', CURRENT_TIMESTAMP, CURRENT_TIMESTAMP),
(1, 3, 22, 'SSL/TLS의 역할은?', '[{"key":"①","text":"전송 구간 암호화"},{"key":"②","text":"이메일만"},{"key":"③","text":"파일 압축"},{"key":"④","text":"라우팅"}]', '①', CURRENT_TIMESTAMP, CURRENT_TIMESTAMP),
(1, 3, 22, '방화벽의 기능이 아닌 것은?', '[{"key":"①","text":"패킷 필터링"},{"key":"②","text":"침입 탐지"},{"key":"③","text":"NAT"},{"key":"④","text":"데이터 암호화"}]', '④', CURRENT_TIMESTAMP, CURRENT_TIMESTAMP),
(1, 3, 22, 'VPN의 의미는?', '[{"key":"①","text":"가상 사설망"},{"key":"②","text":"가상 공개망"},{"key":"③","text":"물리 전용선"},{"key":"④","text":"라우터 전용"}]', '①', CURRENT_TIMESTAMP, CURRENT_TIMESTAMP),
(1, 3, 22, '해시 함수의 특성이 아닌 것은?', '[{"key":"①","text":"일방향"},{"key":"②","text":"고정 길이 출력"},{"key":"③","text":"충돌 회피"},{"key":"④","text":"가역적"}]', '④', CURRENT_TIMESTAMP, CURRENT_TIMESTAMP),
(1, 4, 23, '알고리즘의 시간 복잡도 O(n)의 의미는?', '[{"key":"①","text":"입력 크기 n에 비례"},{"key":"②","text":"상수 시간"},{"key":"③","text":"n^2에 비례"},{"key":"④","text":"로그 시간"}]', '①', CURRENT_TIMESTAMP, CURRENT_TIMESTAMP),
(1, 4, 23, '빅오 표기법에서 O(1)은?', '[{"key":"①","text":"상수 시간"},{"key":"②","text":"선형 시간"},{"key":"③","text":"지수 시간"},{"key":"④","text":"로그 시간"}]', '①', CURRENT_TIMESTAMP, CURRENT_TIMESTAMP),
(1, 4, 23, '순서도의 기호가 아닌 것은?', '[{"key":"①","text":"처리"},{"key":"②","text":"판단"},{"key":"③","text":"시작/종료"},{"key":"④","text":"암호화"}]', '④', CURRENT_TIMESTAMP, CURRENT_TIMESTAMP),
(1, 4, 23, '공간 복잡도의 의미는?', '[{"key":"①","text":"실행 시간"},{"key":"②","text":"메모리 사용량"},{"key":"③","text":"입력 크기"},{"key":"④","text":"출력 크기"}]', '②', CURRENT_TIMESTAMP, CURRENT_TIMESTAMP),
(1, 4, 23, '최선/최악/평균 경우 분석이 필요한 이유는?', '[{"key":"①","text":"입력에 따라 성능이 달라질 수 있음"},{"key":"②","text":"언어에 따라 다름"},{"key":"③","text":"하드웨어만"},{"key":"④","text":"불필요함"}]', '①', CURRENT_TIMESTAMP, CURRENT_TIMESTAMP),
(1, 4, 24, '연결 리스트의 삽입 시 시간 복잡도(앞에 삽입)는?', '[{"key":"①","text":"O(1)"},{"key":"②","text":"O(n)"},{"key":"③","text":"O(n^2)"},{"key":"④","text":"O(log n)"}]', '①', CURRENT_TIMESTAMP, CURRENT_TIMESTAMP),
(1, 4, 24, '스택에서 삽입 연산은?', '[{"key":"①","text":"push"},{"key":"②","text":"pop"},{"key":"③","text":"enqueue"},{"key":"④","text":"dequeue"}]', '①', CURRENT_TIMESTAMP, CURRENT_TIMESTAMP),
(1, 4, 24, '큐의 구조는?', '[{"key":"①","text":"LIFO"},{"key":"②","text":"FIFO"},{"key":"③","text":"선형만"},{"key":"④","text":"트리"}]', '②', CURRENT_TIMESTAMP, CURRENT_TIMESTAMP),
(1, 4, 24, '배열의 장점이 아닌 것은?', '[{"key":"①","text":"랜덤 접근"},{"key":"②","text":"연속 메모리"},{"key":"③","text":"크기 고정"},{"key":"④","text":"동적 확장 용이"}]', '④', CURRENT_TIMESTAMP, CURRENT_TIMESTAMP),
(1, 4, 24, '데크(Deque)의 특징은?', '[{"key":"①","text":"양쪽 끝 삽입/삭제"},{"key":"②","text":"한쪽만"},{"key":"③","text":"중간만"},{"key":"④","text":"삽입 불가"}]', '①', CURRENT_TIMESTAMP, CURRENT_TIMESTAMP),
(1, 4, 25, '이진 트리 순회 중 중위 순회(Inorder)는?', '[{"key":"①","text":"왼-루트-오른쪽"},{"key":"②","text":"루트-왼-오른쪽"},{"key":"③","text":"왼-오른쪽-루트"},{"key":"④","text":"레벨 순"}]', '①', CURRENT_TIMESTAMP, CURRENT_TIMESTAMP),
(1, 4, 25, '힙(Heap)의 성질은?', '[{"key":"①","text":"완전 이진 트리 + heap property"},{"key":"②","text":"이진 탐색 트리"},{"key":"③","text":"균형 트리만"},{"key":"④","text":"선형 리스트"}]', '①', CURRENT_TIMESTAMP, CURRENT_TIMESTAMP),
(1, 4, 25, '이진 탐색 트리에서 왼쪽 서브트리는?', '[{"key":"①","text":"루트보다 작은 값"},{"key":"②","text":"루트보다 큰 값"},{"key":"③","text":"같은 값"},{"key":"④","text":"무관"}]', '①', CURRENT_TIMESTAMP, CURRENT_TIMESTAMP),
(1, 4, 25, '트리의 차수(degree)는?', '[{"key":"①","text":"자식 수의 최대값"},{"key":"②","text":"레벨 수"},{"key":"③","text":"노드 수"},{"key":"④","text":"간선 수"}]', '①', CURRENT_TIMESTAMP, CURRENT_TIMESTAMP),
(1, 4, 25, '포화 이진 트리에서 노드 수는?', '[{"key":"①","text":"2^h - 1"},{"key":"②","text":"h^2"},{"key":"③","text":"2h"},{"key":"④","text":"h"}]', '①', CURRENT_TIMESTAMP, CURRENT_TIMESTAMP),
(1, 4, 26, '그래프의 탐색 방법이 아닌 것은?', '[{"key":"①","text":"BFS"},{"key":"②","text":"DFS"},{"key":"③","text":"다익스트라"},{"key":"④","text":"선택 정렬"}]', '④', CURRENT_TIMESTAMP, CURRENT_TIMESTAMP),
(1, 4, 26, '최소 비용 신장 트리 알고리즘은?', '[{"key":"①","text":"크루스칼, 프림"},{"key":"②","text":"버블 정렬"},{"key":"③","text":"퀵 정렬"},{"key":"④","text":"선택 정렬"}]', '①', CURRENT_TIMESTAMP, CURRENT_TIMESTAMP),
(1, 4, 26, 'DFS에서 사용하는 자료구조는?', '[{"key":"①","text":"스택"},{"key":"②","text":"큐"},{"key":"③","text":"힙"},{"key":"④","text":"배열만"}]', '①', CURRENT_TIMESTAMP, CURRENT_TIMESTAMP),
(1, 4, 26, 'BFS의 특징은?', '[{"key":"①","text":"레벨 순서로 탐색"},{"key":"②","text":"깊이 우선"},{"key":"③","text":"재귀만"},{"key":"④","text":"정렬"}]', '①', CURRENT_TIMESTAMP, CURRENT_TIMESTAMP),
(1, 4, 26, '인접 행렬로 그래프 표현 시 공간 복잡도는?', '[{"key":"①","text":"O(V^2)"},{"key":"②","text":"O(V)"},{"key":"③","text":"O(E)"},{"key":"④","text":"O(1)"}]', '①', CURRENT_TIMESTAMP, CURRENT_TIMESTAMP),
(1, 4, 27, '퀵 정렬의 평균 시간 복잡도는?', '[{"key":"①","text":"O(n log n)"},{"key":"②","text":"O(n^2)"},{"key":"③","text":"O(n)"},{"key":"④","text":"O(log n)"}]', '①', CURRENT_TIMESTAMP, CURRENT_TIMESTAMP),
(1, 4, 27, '안정 정렬이 아닌 것은?', '[{"key":"①","text":"버블"},{"key":"②","text":"병합"},{"key":"③","text":"퀵"},{"key":"④","text":"삽입"}]', '③', CURRENT_TIMESTAMP, CURRENT_TIMESTAMP),
(1, 4, 27, '힙 정렬의 시간 복잡도는?', '[{"key":"①","text":"O(n log n)"},{"key":"②","text":"O(n^2)"},{"key":"③","text":"O(n)"},{"key":"④","text":"O(1)"}]', '①', CURRENT_TIMESTAMP, CURRENT_TIMESTAMP),
(1, 4, 27, '선택 정렬의 특징은?', '[{"key":"①","text":"최소값을 선택해 앞으로"},{"key":"②","text":"인접 비교"},{"key":"③","text":"분할 정복"},{"key":"④","text":"해시"}]', '①', CURRENT_TIMESTAMP, CURRENT_TIMESTAMP),
(1, 4, 27, '버블 정렬의 최악 시간 복잡도는?', '[{"key":"①","text":"O(n^2)"},{"key":"②","text":"O(n log n)"},{"key":"③","text":"O(n)"},{"key":"④","text":"O(1)"}]', '①', CURRENT_TIMESTAMP, CURRENT_TIMESTAMP),
(1, 4, 28, '이진 탐색의 전제 조건은?', '[{"key":"①","text":"정렬된 데이터"},{"key":"②","text":"연결 리스트"},{"key":"③","text":"그래프"},{"key":"④","text":"무순서"}]', '①', CURRENT_TIMESTAMP, CURRENT_TIMESTAMP),
(1, 4, 28, '해싱에서 충돌 해결 방법이 아닌 것은?', '[{"key":"①","text":"체이닝"},{"key":"②","text":"개방 주소법"},{"key":"③","text":"선형 조사"},{"key":"④","text":"버블 정렬"}]', '④', CURRENT_TIMESTAMP, CURRENT_TIMESTAMP),
(1, 4, 28, '선형 탐색의 시간 복잡도는?', '[{"key":"①","text":"O(n)"},{"key":"②","text":"O(log n)"},{"key":"③","text":"O(1)"},{"key":"④","text":"O(n^2)"}]', '①', CURRENT_TIMESTAMP, CURRENT_TIMESTAMP),
(1, 4, 28, '해시 함수의 좋은 특성은?', '[{"key":"①","text":"균등 분포"},{"key":"②","text":"순차적"},{"key":"③","text":"가역"},{"key":"④","text":"고정 입력"}]', '①', CURRENT_TIMESTAMP, CURRENT_TIMESTAMP),
(1, 4, 28, '이진 탐색의 시간 복잡도는?', '[{"key":"①","text":"O(log n)"},{"key":"②","text":"O(n)"},{"key":"③","text":"O(n^2)"},{"key":"④","text":"O(1)"}]', '①', CURRENT_TIMESTAMP, CURRENT_TIMESTAMP),
(1, 5, 29, 'DBMS의 역할이 아닌 것은?', '[{"key":"①","text":"데이터 정의"},{"key":"②","text":"데이터 조작"},{"key":"③","text":"데이터 제어"},{"key":"④","text":"하드웨어 제조"}]', '④', CURRENT_TIMESTAMP, CURRENT_TIMESTAMP),
(1, 5, 29, '스키마에 대한 설명으로 옳은 것은?', '[{"key":"①","text":"데이터베이스 구조 정의"},{"key":"②","text":"실제 데이터"},{"key":"③","text":"인덱스만"},{"key":"④","text":"뷰만"}]', '①', CURRENT_TIMESTAMP, CURRENT_TIMESTAMP),
(1, 5, 29, '데이터 독립성의 종류는?', '[{"key":"①","text":"물리적, 논리적"},{"key":"②","text":"수직적만"},{"key":"③","text":"수평적만"},{"key":"④","text":"없음"}]', '①', CURRENT_TIMESTAMP, CURRENT_TIMESTAMP),
(1, 5, 29, '3단계 스키마 구조가 아닌 것은?', '[{"key":"①","text":"외부"},{"key":"②","text":"개념"},{"key":"③","text":"내부"},{"key":"④","text":"캐시"}]', '④', CURRENT_TIMESTAMP, CURRENT_TIMESTAMP),
(1, 5, 29, 'DBA의 역할은?', '[{"key":"①","text":"DB 설계 및 관리"},{"key":"②","text":"애플리케이션만"},{"key":"③","text":"하드웨어만"},{"key":"④","text":"네트워크만"}]', '①', CURRENT_TIMESTAMP, CURRENT_TIMESTAMP),
(1, 5, 30, 'E-R 다이어그램에서 관계 타입은?', '[{"key":"①","text":"엔티티 간 연결"},{"key":"②","text":"속성"},{"key":"③","text":"키만"},{"key":"④","text":"인덱스"}]', '①', CURRENT_TIMESTAMP, CURRENT_TIMESTAMP),
(1, 5, 30, '관계형 모델에서 릴레이션의 특징은?', '[{"key":"①","text":"튜플의 집합, 중복 없음"},{"key":"②","text":"계층 구조"},{"key":"③","text":"네트워크만"},{"key":"④","text":"비정규화만"}]', '①', CURRENT_TIMESTAMP, CURRENT_TIMESTAMP),
(1, 5, 30, '기본키(Primary Key)의 조건은?', '[{"key":"①","text":"유일, NOT NULL"},{"key":"②","text":"중복 가능"},{"key":"③","text":"NULL 허용"},{"key":"④","text":"복합만"}]', '①', CURRENT_TIMESTAMP, CURRENT_TIMESTAMP),
(1, 5, 30, '외래키(Foreign Key)의 역할은?', '[{"key":"①","text":"참조 무결성"},{"key":"②","text":"중복 제거만"},{"key":"③","text":"인덱스만"},{"key":"④","text":"뷰만"}]', '①', CURRENT_TIMESTAMP, CURRENT_TIMESTAMP),
(1, 5, 30, '카디널리티 1:1의 의미는?', '[{"key":"①","text":"한 엔티티가 다른 한 엔티티와 1:1 대응"},{"key":"②","text":"다대다"},{"key":"③","text":"일대다만"},{"key":"④","text":"없음"}]', '①', CURRENT_TIMESTAMP, CURRENT_TIMESTAMP),
(1, 5, 31, '관계 대수 연산이 아닌 것은?', '[{"key":"①","text":"선택"},{"key":"②","text":"투영"},{"key":"③","text":"조인"},{"key":"④","text":"컴파일"}]', '④', CURRENT_TIMESTAMP, CURRENT_TIMESTAMP),
(1, 5, 31, '선택(Selection) 연산의 기호는?', '[{"key":"①","text":"σ"},{"key":"②","text":"π"},{"key":"③","text":"⋈"},{"key":"④","text":"∪"}]', '①', CURRENT_TIMESTAMP, CURRENT_TIMESTAMP),
(1, 5, 31, '조인(Join)의 종류가 아닌 것은?', '[{"key":"①","text":"내부 조인"},{"key":"②","text":"외부 조인"},{"key":"③","text":"세미 조인"},{"key":"④","text":"삽입 조인"}]', '④', CURRENT_TIMESTAMP, CURRENT_TIMESTAMP),
(1, 5, 31, '투영(Projection)은?', '[{"key":"①","text":"열(속성) 선택"},{"key":"②","text":"행 선택"},{"key":"③","text":"두 릴레이션 결합"},{"key":"④","text":"집합 합침"}]', '①', CURRENT_TIMESTAMP, CURRENT_TIMESTAMP),
(1, 5, 31, '관계 해석의 특징은?', '[{"key":"①","text":"선언적"},{"key":"②","text":"절차적만"},{"key":"③","text":"물리적"},{"key":"④","text":"하드웨어"}]', '①', CURRENT_TIMESTAMP, CURRENT_TIMESTAMP),
(1, 5, 32, 'DDL에 해당하는 SQL 문은?', '[{"key":"①","text":"CREATE"},{"key":"②","text":"SELECT"},{"key":"③","text":"INSERT"},{"key":"④","text":"UPDATE"}]', '①', CURRENT_TIMESTAMP, CURRENT_TIMESTAMP),
(1, 5, 32, 'DML에 해당하지 않는 것은?', '[{"key":"①","text":"SELECT"},{"key":"②","text":"INSERT"},{"key":"③","text":"CREATE TABLE"},{"key":"④","text":"DELETE"}]', '③', CURRENT_TIMESTAMP, CURRENT_TIMESTAMP),
(1, 5, 32, '뷰(View)에 대한 설명으로 옳은 것은?', '[{"key":"①","text":"가상 테이블"},{"key":"②","text":"물리적 저장만"},{"key":"③","text":"인덱스"},{"key":"④","text":"트리거"}]', '①', CURRENT_TIMESTAMP, CURRENT_TIMESTAMP),
(1, 5, 32, 'DCL에 해당하는 것은?', '[{"key":"①","text":"GRANT, REVOKE"},{"key":"②","text":"SELECT"},{"key":"③","text":"INSERT"},{"key":"④","text":"CREATE"}]', '①', CURRENT_TIMESTAMP, CURRENT_TIMESTAMP),
(1, 5, 32, '시스템 카탈로그의 역할은?', '[{"key":"①","text":"메타데이터 저장"},{"key":"②","text":"데이터만"},{"key":"③","text":"로그만"},{"key":"④","text":"캐시만"}]', '①', CURRENT_TIMESTAMP, CURRENT_TIMESTAMP),
(1, 5, 33, '정규화의 목적은?', '[{"key":"①","text":"이상 현상 제거"},{"key":"②","text":"성능만"},{"key":"③","text":"중복 증가"},{"key":"④","text":"비정규화"}]', '①', CURRENT_TIMESTAMP, CURRENT_TIMESTAMP),
(1, 5, 33, '제1정규형(1NF)의 조건은?', '[{"key":"①","text":"원자값"},{"key":"②","text":"부분 함수 종속 제거"},{"key":"③","text":"이행 함수 종속 제거"},{"key":"④","text":"다치 종속 제거"}]', '①', CURRENT_TIMESTAMP, CURRENT_TIMESTAMP),
(1, 5, 33, '함수 종속 X→Y의 의미는?', '[{"key":"①","text":"X가 Y를 결정"},{"key":"②","text":"Y가 X를 결정"},{"key":"③","text":"동등"},{"key":"④","text":"무관"}]', '①', CURRENT_TIMESTAMP, CURRENT_TIMESTAMP),
(1, 5, 33, '이상 현상이 아닌 것은?', '[{"key":"①","text":"삽입 이상"},{"key":"②","text":"삭제 이상"},{"key":"③","text":"갱신 이상"},{"key":"④","text":"조회 이상"}]', '④', CURRENT_TIMESTAMP, CURRENT_TIMESTAMP),
(1, 5, 33, 'BCNF의 조건은?', '[{"key":"①","text":"결정자가 후보키"},{"key":"②","text":"1NF만"},{"key":"③","text":"2NF만"},{"key":"④","text":"다치 종속만"}]', '①', CURRENT_TIMESTAMP, CURRENT_TIMESTAMP),
(1, 5, 34, '트랜잭션의 ACID 속성에 포함되지 않는 것은?', '[{"key":"①","text":"원자성"},{"key":"②","text":"일관성"},{"key":"③","text":"격리성"},{"key":"④","text":"분산성"}]', '④', CURRENT_TIMESTAMP, CURRENT_TIMESTAMP),
(1, 5, 34, '회복 기법이 아닌 것은?', '[{"key":"①","text":"로그 기반"},{"key":"②","text":"체크포인트"},{"key":"③","text":"그림자 페이징"},{"key":"④","text":"선택 정렬"}]', '④', CURRENT_TIMESTAMP, CURRENT_TIMESTAMP),
(1, 5, 34, '병행 제어에서 2단계 로킹의 의미는?', '[{"key":"①","text":"확장-수축 단계"},{"key":"②","text":"락만"},{"key":"③","text":"언락만"},{"key":"④","text":"트랜잭션 없음"}]', '①', CURRENT_TIMESTAMP, CURRENT_TIMESTAMP),
(1, 5, 34, '인덱스의 장점은?', '[{"key":"①","text":"검색 속도 향상"},{"key":"②","text":"저장 공간 절약"},{"key":"③","text":"삽입 속도 향상"},{"key":"④","text":"갱신만 빠름"}]', '①', CURRENT_TIMESTAMP, CURRENT_TIMESTAMP),
(1, 5, 34, '데드락을 방지하는 방법은?', '[{"key":"①","text":"락 순서 통일"},{"key":"②","text":"락 사용 안 함"},{"key":"③","text":"트랜잭션 제거"},{"key":"④","text":"로그 제거"}]', '①', CURRENT_TIMESTAMP, CURRENT_TIMESTAMP),
(1, 6, 35, '소프트웨어 위기의 원인이 아닌 것은?', '[{"key":"①","text":"요구사항 증가"},{"key":"②","text":"유지보수 비용"},{"key":"③","text":"하드웨어 고장만"},{"key":"④","text":"복잡도 증가"}]', '③', CURRENT_TIMESTAMP, CURRENT_TIMESTAMP),
(1, 6, 35, '폭포수 모형의 특징은?', '[{"key":"①","text":"단계별 순차 진행"},{"key":"②","text":"반복적"},{"key":"③","text":"점진적만"},{"key":"④","text":"비순차"}]', '①', CURRENT_TIMESTAMP, CURRENT_TIMESTAMP),
(1, 6, 35, '프로토타이핑 모형의 목적은?', '[{"key":"①","text":"요구사항 검증"},{"key":"②","text":"코드 완성만"},{"key":"③","text":"테스트 생략"},{"key":"④","text":"유지보수 생략"}]', '①', CURRENT_TIMESTAMP, CURRENT_TIMESTAMP),
(1, 6, 35, '나선형 모형의 특징은?', '[{"key":"①","text":"위험 분석 반복"},{"key":"②","text":"1회만 수행"},{"key":"③","text":"코드 없음"},{"key":"④","text":"설계 생략"}]', '①', CURRENT_TIMESTAMP, CURRENT_TIMESTAMP),
(1, 6, 35, '애자일의 핵심 가치가 아닌 것은?', '[{"key":"①","text":"개인과 상호작용"},{"key":"②","text":"작동하는 소프트웨어"},{"key":"③","text":"계약 협상"},{"key":"④","text":"변경에 대한 대응"}]', '③', CURRENT_TIMESTAMP, CURRENT_TIMESTAMP),
(1, 6, 36, 'COCOMO 모형의 목적은?', '[{"key":"①","text":"비용·일정 산정"},{"key":"②","text":"코드 작성"},{"key":"③","text":"테스트만"},{"key":"④","text":"배포만"}]', '①', CURRENT_TIMESTAMP, CURRENT_TIMESTAMP),
(1, 6, 36, 'CPM에서 크리티컬 패스는?', '[{"key":"①","text":"프로젝트 완료를 지연시키는 경로"},{"key":"②","text":"가장 짧은 경로"},{"key":"③","text":"여유 시간 최대"},{"key":"④","text":"자원 없음"}]', '①', CURRENT_TIMESTAMP, CURRENT_TIMESTAMP),
(1, 6, 36, 'PERT의 3점 추정은?', '[{"key":"①","text":"낙관치, 경험치, 비관치"},{"key":"②","text":"최소만"},{"key":"③","text":"최대만"},{"key":"④","text":"평균만"}]', '①', CURRENT_TIMESTAMP, CURRENT_TIMESTAMP),
(1, 6, 36, '위험 관리 단계가 아닌 것은?', '[{"key":"①","text":"식별"},{"key":"②","text":"분석"},{"key":"③","text":"대응"},{"key":"④","text":"코딩"}]', '④', CURRENT_TIMESTAMP, CURRENT_TIMESTAMP),
(1, 6, 36, 'Gantt 차트의 용도는?', '[{"key":"①","text":"일정 시각화"},{"key":"②","text":"코드 분석"},{"key":"③","text":"테스트만"},{"key":"④","text":"배포만"}]', '①', CURRENT_TIMESTAMP, CURRENT_TIMESTAMP),
(1, 6, 37, '결합도가 낮을수록?', '[{"key":"①","text":"모듈 독립성 좋음"},{"key":"②","text":"유지보수 어려움"},{"key":"③","text":"의존성 높음"},{"key":"④","text":"재사용 불가"}]', '①', CURRENT_TIMESTAMP, CURRENT_TIMESTAMP),
(1, 6, 37, '응집도가 높을수록?', '[{"key":"①","text":"모듈 내부 일관성"},{"key":"②","text":"결합도 증가"},{"key":"③","text":"복잡도 증가"},{"key":"④","text":"독립성 감소"}]', '①', CURRENT_TIMESTAMP, CURRENT_TIMESTAMP),
(1, 6, 37, '구조적 분석에서 사용하는 도구가 아닌 것은?', '[{"key":"①","text":"DFD"},{"key":"②","text":"ERD"},{"key":"③","text":"상태 전이도"},{"key":"④","text":"바이트코드"}]', '④', CURRENT_TIMESTAMP, CURRENT_TIMESTAMP),
(1, 6, 37, 'DFD의 구성 요소가 아닌 것은?', '[{"key":"①","text":"프로세스"},{"key":"②","text":"데이터 저장소"},{"key":"③","text":"데이터 흐름"},{"key":"④","text":"변수 선언"}]', '④', CURRENT_TIMESTAMP, CURRENT_TIMESTAMP),
(1, 6, 37, '요구사항 명세의 특성이 아닌 것은?', '[{"key":"①","text":"명확성"},{"key":"②","text":"검증 가능성"},{"key":"③","text":"일관성"},{"key":"④","text":"모호성"}]', '④', CURRENT_TIMESTAMP, CURRENT_TIMESTAMP),
(1, 6, 38, 'UML 다이어그램이 아닌 것은?', '[{"key":"①","text":"클래스"},{"key":"②","text":"시퀀스"},{"key":"③","text":"유스케이스"},{"key":"④","text":"소스코드"}]', '④', CURRENT_TIMESTAMP, CURRENT_TIMESTAMP),
(1, 6, 38, '싱글톤 패턴의 목적은?', '[{"key":"①","text":"인스턴스 하나만 보장"},{"key":"②","text":"여러 인스턴스"},{"key":"③","text":"상속 강제"},{"key":"④","text":"인터페이스 제거"}]', '①', CURRENT_TIMESTAMP, CURRENT_TIMESTAMP),
(1, 6, 38, '객체지향의 특징이 아닌 것은?', '[{"key":"①","text":"캡슐화"},{"key":"②","text":"상속"},{"key":"③","text":"다형성"},{"key":"④","text":"순차성"}]', '④', CURRENT_TIMESTAMP, CURRENT_TIMESTAMP),
(1, 6, 38, '디자인 패턴의 분류가 아닌 것은?', '[{"key":"①","text":"생성"},{"key":"②","text":"구조"},{"key":"③","text":"행위"},{"key":"④","text":"물리"}]', '④', CURRENT_TIMESTAMP, CURRENT_TIMESTAMP),
(1, 6, 38, '유스케이스 다이어그램의 요소는?', '[{"key":"①","text":"액터, 유스케이스"},{"key":"②","text":"클래스만"},{"key":"③","text":"시퀀스만"},{"key":"④","text":"상태만"}]', '①', CURRENT_TIMESTAMP, CURRENT_TIMESTAMP),
(1, 6, 39, '화이트박스 테스트의 기준은?', '[{"key":"①","text":"내부 구조(코드)"},{"key":"②","text":"명세만"},{"key":"③","text":"입출력만"},{"key":"④","text":"사용자만"}]', '①', CURRENT_TIMESTAMP, CURRENT_TIMESTAMP),
(1, 6, 39, '블랙박스 테스트 기법이 아닌 것은?', '[{"key":"①","text":"동등 분할"},{"key":"②","text":"경계값 분석"},{"key":"③","text":"원시 코드 검사"},{"key":"④","text":"원인 결과 그래프"}]', '③', CURRENT_TIMESTAMP, CURRENT_TIMESTAMP),
(1, 6, 39, '수정형 유지보수는?', '[{"key":"①","text":"결함 제거"},{"key":"②","text":"기능 추가"},{"key":"③","text":"환경 적응"},{"key":"④","text":"성능 개선"}]', '①', CURRENT_TIMESTAMP, CURRENT_TIMESTAMP),
(1, 6, 39, '적응형 유지보수의 예는?', '[{"key":"①","text":"OS 변경 대응"},{"key":"②","text":"버그 수정"},{"key":"③","text":"기능 추가"},{"key":"④","text":"문서화"}]', '①', CURRENT_TIMESTAMP, CURRENT_TIMESTAMP),
(1, 6, 39, '회귀 테스트의 목적은?', '[{"key":"①","text":"수정 후 기존 기능 검증"},{"key":"②","text":"신규 기능만"},{"key":"③","text":"성능만"},{"key":"④","text":"보안만"}]', '①', CURRENT_TIMESTAMP, CURRENT_TIMESTAMP),
(1, 7, 40, '컴파일러의 단계가 아닌 것은?', '[{"key":"①","text":"어휘 분석"},{"key":"②","text":"구문 분석"},{"key":"③","text":"코드 생성"},{"key":"④","text":"디스크 포맷"}]', '④', CURRENT_TIMESTAMP, CURRENT_TIMESTAMP),
(1, 7, 40, '인터프리터의 특징은?', '[{"key":"①","text":"한 줄씩 실행"},{"key":"②","text":"전체 목적코드 생성"},{"key":"③","text":"기계어만"},{"key":"④","text":"컴파일만"}]', '①', CURRENT_TIMESTAMP, CURRENT_TIMESTAMP),
(1, 7, 40, '번역기의 종류가 아닌 것은?', '[{"key":"①","text":"컴파일러"},{"key":"②","text":"어셈블러"},{"key":"③","text":"인터프리터"},{"key":"④","text":"로더"}]', '④', CURRENT_TIMESTAMP, CURRENT_TIMESTAMP),
(1, 7, 40, '링커의 역할은?', '[{"key":"①","text":"목적 파일 결합"},{"key":"②","text":"소스 번역"},{"key":"③","text":"어휘 분석"},{"key":"④","text":"최적화만"}]', '①', CURRENT_TIMESTAMP, CURRENT_TIMESTAMP),
(1, 7, 40, '목적 코드의 특징은?', '[{"key":"①","text":"기계어 또는 중간 코드"},{"key":"②","text":"원시 코드"},{"key":"③","text":"자연어"},{"key":"④","text":"문서만"}]', '①', CURRENT_TIMESTAMP, CURRENT_TIMESTAMP),
(1, 7, 41, '정적 스코프의 특징은?', '[{"key":"①","text":"선언 시점의 환경"},{"key":"②","text":"실행 시점의 환경"},{"key":"③","text":"전역만"},{"key":"④","text":"지역만"}]', '①', CURRENT_TIMESTAMP, CURRENT_TIMESTAMP),
(1, 7, 41, '매개변수 전달 방식이 아닌 것은?', '[{"key":"①","text":"값에 의한 호출"},{"key":"②","text":"참조에 의한 호출"},{"key":"③","text":"이름에 의한 호출"},{"key":"④","text":"주소에 의한 호출"}]', '④', CURRENT_TIMESTAMP, CURRENT_TIMESTAMP),
(1, 7, 41, '변수의 수명(Lifetime)에 대한 설명으로 옳은 것은?', '[{"key":"①","text":"할당부터 해제까지"},{"key":"②","text":"선언만"},{"key":"③","text":"컴파일 시에만"},{"key":"④","text":"실행 전에만"}]', '①', CURRENT_TIMESTAMP, CURRENT_TIMESTAMP),
(1, 7, 41, '동적 스코핑의 특징은?', '[{"key":"①","text":"호출 시점의 환경"},{"key":"②","text":"정의 시점만"},{"key":"③","text":"전역만"},{"key":"④","text":"블록만"}]', '①', CURRENT_TIMESTAMP, CURRENT_TIMESTAMP),
(1, 7, 41, '바인딩 시점이 컴파일 시인 것은?', '[{"key":"①","text":"정적 바인딩"},{"key":"②","text":"동적 바인딩"},{"key":"③","text":"늦은 바인딩"},{"key":"④","text":"실행 시만"}]', '①', CURRENT_TIMESTAMP, CURRENT_TIMESTAMP),
(1, 7, 42, 'C언어에서 포인터의 용도는?', '[{"key":"①","text":"메모리 주소 참조"},{"key":"②","text":"산술 연산만"},{"key":"③","text":"입출력만"},{"key":"④","text":"문자열만"}]', '①', CURRENT_TIMESTAMP, CURRENT_TIMESTAMP),
(1, 7, 42, '배열과 포인터의 관계로 옳은 것은?', '[{"key":"①","text":"배열명은 첫 요소 주소"},{"key":"②","text":"완전히 무관"},{"key":"③","text":"포인터만 배열 가능"},{"key":"④","text":"배열만 동적"}]', '①', CURRENT_TIMESTAMP, CURRENT_TIMESTAMP),
(1, 7, 42, 'C 구조체의 특징은?', '[{"key":"①","text":"여러 타입을 묶은 타입"},{"key":"②","text":"함수만"},{"key":"③","text":"단일 타입만"},{"key":"④","text":"상속 지원"}]', '①', CURRENT_TIMESTAMP, CURRENT_TIMESTAMP),
(1, 7, 42, 'C에서 동적 메모리 할당 함수는?', '[{"key":"①","text":"malloc"},{"key":"②","text":"new"},{"key":"③","text":"create"},{"key":"④","text":"alloc"}]', '①', CURRENT_TIMESTAMP, CURRENT_TIMESTAMP),
(1, 7, 42, 'C 언어의 특징이 아닌 것은?', '[{"key":"①","text":"절차지향"},{"key":"②","text":"이식성"},{"key":"③","text":"저수준 제어"},{"key":"④","text":"가비지 컬렉션 내장"}]', '④', CURRENT_TIMESTAMP, CURRENT_TIMESTAMP),
(1, 7, 43, 'JAVA에서 상속의 키워드는?', '[{"key":"①","text":"extends"},{"key":"②","text":"implements"},{"key":"③","text":"inherit"},{"key":"④","text":"super"}]', '①', CURRENT_TIMESTAMP, CURRENT_TIMESTAMP),
(1, 7, 43, '오버로딩과 오버라이딩의 차이는?', '[{"key":"①","text":"오버로딩=같은 이름 다른 매개변수, 오버라이딩=재정의"},{"key":"②","text":"동일하다"},{"key":"③","text":"오버로딩만 상속"},{"key":"④","text":"오버라이딩만 같은 클래스"}]', '①', CURRENT_TIMESTAMP, CURRENT_TIMESTAMP),
(1, 7, 43, 'JAVA 클래스에 대한 설명으로 옳은 것은?', '[{"key":"①","text":"객체의 설계도"},{"key":"②","text":"함수만"},{"key":"③","text":"변수만"},{"key":"④","text":"인터페이스만"}]', '①', CURRENT_TIMESTAMP, CURRENT_TIMESTAMP),
(1, 7, 43, 'JAVA의 접근 제어자가 아닌 것은?', '[{"key":"①","text":"private"},{"key":"②","text":"public"},{"key":"③","text":"protected"},{"key":"④","text":"internal"}]', '④', CURRENT_TIMESTAMP, CURRENT_TIMESTAMP),
(1, 7, 43, '인터페이스의 특징은?', '[{"key":"①","text":"추상 메서드 선언"},{"key":"②","text":"구현만"},{"key":"③","text":"인스턴스 생성"},{"key":"④","text":"다중 상속 불가"}]', '①', CURRENT_TIMESTAMP, CURRENT_TIMESTAMP),
(1, 7, 44, 'HTML의 역할은?', '[{"key":"①","text":"구조 정의"},{"key":"②","text":"스타일만"},{"key":"③","text":"로직만"},{"key":"④","text":"DB 연동만"}]', '①', CURRENT_TIMESTAMP, CURRENT_TIMESTAMP),
(1, 7, 44, 'XML의 특징은?', '[{"key":"①","text":"확장 가능한 마크업"},{"key":"②","text":"고정 태그만"},{"key":"③","text":"실행 언어"},{"key":"④","text":"스타일시트만"}]', '①', CURRENT_TIMESTAMP, CURRENT_TIMESTAMP),
(1, 7, 44, '스크립트 언어의 특징은?', '[{"key":"①","text":"인터프리터 방식, 동적 타입"},{"key":"②","text":"컴파일만"},{"key":"③","text":"정적 타입만"},{"key":"④","text":"하드웨어 제어"}]', '①', CURRENT_TIMESTAMP, CURRENT_TIMESTAMP),
(1, 7, 44, 'JavaScript의 용도는?', '[{"key":"①","text":"클라이언트 측 스크립트"},{"key":"②","text":"DB만"},{"key":"③","text":"OS만"},{"key":"④","text":"하드웨어"}]', '①', CURRENT_TIMESTAMP, CURRENT_TIMESTAMP),
(1, 7, 44, '웹 프로그래밍에서 서버 사이드 언어가 아닌 것은?', '[{"key":"①","text":"PHP"},{"key":"②","text":"JSP"},{"key":"③","text":"HTML"},{"key":"④","text":"Node.js"}]', '③', CURRENT_TIMESTAMP, CURRENT_TIMESTAMP);
